channel,month,cohort_size,spend_brl,cac_brl,ltv_total_brl,ltv_per_customer_brl,repeaters,repeat_rate,roas
Email/Referral,2016-09-01,1,897.32,897.32,75.06,75.06,0,0.0,0.083649088
Email/Referral,2016-10-01,59,869.94,14.744745763,10705.64,181.451525424,2,0.03389830508474576,12.306182035
Email/Referral,2016-12-01,1,894.11,894.11,39.24,39.24,1,1.0,0.043887217
Email/Referral,2017-01-01,103,1376.88,13.36776699,18003.01,174.786504854,2,0.019417475728155338,13.075220789
Email/Referral,2017-02-01,267,1846.73,6.91659176,42608.07,159.580786517,6,0.02247191011235955,23.072170811
Email/Referral,2017-03-01,375,1099.1,2.930933333,75411.16,201.096426667,8,0.021333333333333333,68.611736884
Email/Referral,2017-04-01,355,828.98,2.33515493,65454.15,184.377887324,8,0.022535211267605635,78.957453724
Email/Referral,2017-05-01,539,1996.31,3.703729128,85217.02,158.102077922,17,0.03153988868274583,42.68726801
Email/Referral,2017-06-01,422,1264.29,2.995947867,65771.29,155.856137441,7,0.016587677725118485,52.022312924
Email/Referral,2017-07-01,572,636.36,1.112517483,84133.81,147.08708042,9,0.015734265734265736,132.211028292
Email/Referral,2017-08-01,648,570.67,0.88066358,103176.89,159.223595679,15,0.023148148148148147,180.799568978
Email/Referral,2017-09-01,643,664.47,1.033390358,105449.63,163.996314152,5,0.007776049766718507,158.697352731
Email/Referral,2017-10-01,698,1441.17,2.064713467,122070.43,174.886002865,20,0.02865329512893983,84.702311318
Email/Referral,2017-11-01,1091,1688.12,1.54731439,172477.98,158.091640697,19,0.017415215398716773,102.171634749
Email/Referral,2017-12-01,829,1133.24,1.366996381,135017.31,162.867683957,10,0.012062726176115802,119.142732359
Email/Referral,2018-01-01,1090,595.29,0.546137615,178425.34,163.692972477,21,0.01926605504587156,299.728434704
Email/Referral,2018-02-01,937,1072.43,1.144535752,133120.13,142.070576307,20,0.021344717182497332,124.129435065
Email/Referral,2018-03-01,1036,1994.18,1.92488417,162043.92,156.413050193,15,0.01447876447876448,81.258422003
Email/Referral,2018-04-01,953,1293.67,1.357471144,155344.63,163.00590766,19,0.01993704092339979,120.080569212
Email/Referral,2018-05-01,975,1956.62,2.006789744,158541.85,162.607025641,14,0.014358974358974359,81.028431667
Email/Referral,2018-06-01,891,1791.17,2.010291807,155672.85,174.717003367,6,0.006734006734006734,86.911264702
Email/Referral,2018-07-01,909,517.22,0.5689989,156579.4,172.254565457,8,0.0088008800880088,302.732686227
Email/Referral,2018-08-01,937,1581.08,1.687385272,145179.42,154.940683031,5,0.005336179295624333,91.822943818
Email/Referral,2018-10-01,1,1305.46,1305.46,89.71,89.71,0,0.0,0.068719072
Facebook/Instagram Ads,2016-09-01,1,6334.89,6334.89,0,0,0,0.0,0
Facebook/Instagram Ads,2016-10-01,52,9683.27,186.216730769,9147.42,175.911923077,1,0.019230769230769232,0.944662289
Facebook/Instagram Ads,2017-01-01,159,5855.69,36.828238994,27588.5,173.512578616,7,0.0440251572327044,4.711400364
Facebook/Instagram Ads,2017-02-01,315,8645.63,27.446444444,60620.12,192.444825397,3,0.009523809523809525,7.01164866
Facebook/Instagram Ads,2017-03-01,534,5817.01,10.893277154,87253.24,163.395580524,8,0.0149812734082397,14.999671652
Facebook/Instagram Ads,2017-04-01,460,6897.28,14.994086957,90554.57,196.85776087,3,0.006521739130434782,13.129026224
Facebook/Instagram Ads,2017-05-01,701,9947.62,14.190613409,110378.08,157.458031384,21,0.029957203994293864,11.095928474
Facebook/Instagram Ads,2017-06-01,663,8200,12.368024133,107834.52,162.646334842,24,0.03619909502262444,13.150551219
Facebook/Instagram Ads,2017-07-01,789,7784.75,9.866603295,128302.8,162.614448669,18,0.022813688212927757,16.481299978
Facebook/Instagram Ads,2017-08-01,842,8423.07,10.003646081,144067.31,171.10131829,30,0.035629453681710214,17.10389561
Facebook/Instagram Ads,2017-09-01,840,9214.26,10.969357143,162169.39,193.058797619,26,0.030952380952380953,17.599827875
Facebook/Instagram Ads,2017-10-01,872,8880,10.183486239,153659.45,176.214965596,16,0.01834862385321101,17.303992116
Facebook/Instagram Ads,2017-11-01,1386,6145.24,4.433795094,219322.42,158.241284271,29,0.020923520923520924,35.689805441
Facebook/Instagram Ads,2017-12-01,1108,5160.5,4.657490975,176202.29,159.027337545,30,0.02707581227436823,34.14442205
Facebook/Instagram Ads,2018-01-01,1404,6577.27,4.684665242,214107.55,152.498254986,24,0.017094017094017096,32.552647224
Facebook/Instagram Ads,2018-02-01,1349,6338.7,4.698813936,199751.64,148.07386212,32,0.023721275018532245,31.513029487
Facebook/Instagram Ads,2018-03-01,1397,6054.91,4.334223336,238193.96,170.503908375,26,0.018611309949892626,39.338976134
Facebook/Instagram Ads,2018-04-01,1338,9714.55,7.260500747,231432.12,172.968699552,21,0.01569506726457399,23.823246575
Facebook/Instagram Ads,2018-05-01,1306,9381.84,7.183644717,221749.82,169.793124043,22,0.016845329249617153,23.636069256
Facebook/Instagram Ads,2018-06-01,1171,6573.39,5.613484202,194633.16,166.211067464,11,0.009393680614859094,29.609251845
Facebook/Instagram Ads,2018-07-01,1244,8277.19,6.653689711,203169.2,163.319292605,10,0.008038585209003215,24.545673108
Facebook/Instagram Ads,2018-08-01,1261,6978.16,5.533830293,194132.03,153.950856463,10,0.007930214115781126,27.819945374
Google Ads,2016-10-01,88,8677.01,98.602386364,14354.71,163.121704545,0,0.0,1.654338303
Google Ads,2017-01-01,198,13649.9,68.938888889,40322.02,203.646565657,7,0.03535353535353535,2.95401578
Google Ads,2017-02-01,436,13108.12,30.064495413,73039.82,167.522522936,8,0.01834862385321101,5.572104924
Google Ads,2017-03-01,683,11753.6,17.208784773,116987.23,171.284377745,12,0.017569546120058566,9.953310475
Google Ads,2017-04-01,619,14811.81,23.928610662,112827.46,182.273764136,13,0.0210016155088853,7.617398549
Google Ads,2017-05-01,902,10649.74,11.806807095,153587.32,170.274190687,22,0.024390243902439025,14.42169668
Google Ads,2017-06-01,794,11864.28,14.942418136,145930.14,183.791108312,19,0.02392947103274559,12.29995752
Google Ads,2017-07-01,946,13805.83,14.593900634,146462.98,154.823446089,25,0.026427061310782242,10.608777596
Google Ads,2017-08-01,993,12329.64,12.416555891,160142.52,161.27141994,19,0.019133937562940583,12.988418154
Google Ads,2017-09-01,1007,14031.95,13.934409136,174947.36,173.731241311,26,0.025819265143992055,12.46778673
Google Ads,2017-10-01,1086,12041.47,11.087909761,177767.7,163.690331492,20,0.01841620626151013,14.762956682
Google Ads,2017-11-01,1920,12932,6.735416667,316773,164.9859375,45,0.0234375,24.495283018
Google Ads,2017-12-01,1457,8320.77,5.710892244,222736.3,152.87323267,18,0.012354152367879203,26.768712513
Google Ads,2018-01-01,1752,9595.29,5.476763699,276634.79,157.896569635,35,0.01997716894977169,28.830268807
Google Ads,2018-02-01,1568,10025.72,6.393954082,241160.47,153.801320153,46,0.029336734693877552,24.054179649
Google Ads,2018-03-01,1759,8558.54,4.865571347,284531.56,161.757566799,28,0.015918135304150087,33.245338576
Google Ads,2018-04-01,1714,9629.54,5.618168028,298867.31,174.368325554,22,0.012835472578763127,31.036509532
Google Ads,2018-05-01,1627,8707.01,5.351573448,277828.6,170.761278427,29,0.01782421634910879,31.908611567
Google Ads,2018-06-01,1501,9945.82,6.626129247,234721.6,156.376815456,16,0.010659560293137908,23.600024936
Google Ads,2018-07-01,1513,12449.79,8.228545935,279963.64,185.038757436,21,0.013879709187045605,22.487418664
Google Ads,2018-08-01,1555,10553.83,6.787028939,252387.22,162.306893891,10,0.006430868167202572,23.914277565
Google Ads,2018-09-01,2,10591.27,5295.635,2266.61,1133.305,0,0.0,0.214007385
Organic,2016-09-01,2,1139.43,569.715,177.18,88.59,0,0.0,0.155498802
Organic,2016-10-01,122,525.01,4.303360656,24882.71,203.956639344,0,0.0,47.394735335
Organic,2017-01-01,304,1236.47,4.067335526,52840.42,173.817171053,8,0.02631578947368421,42.734898545
Organic,2017-02-01,734,1176.7,1.603133515,116575.92,158.822779292,11,0.014986376021798364,99.070213308
Organic,2017-03-01,1044,1392.18,1.333505747,175031.27,167.65447318,33,0.031609195402298854,125.724597406
Organic,2017-04-01,918,586.94,0.639368192,151020.86,164.510740741,20,0.02178649237472767,257.302040983
Organic,2017-05-01,1454,921.92,0.634057772,244464.32,168.132269601,33,0.02269601100412655,265.168691286
Organic,2017-06-01,1260,529.8,0.42047619,192710.18,152.944587302,34,0.026984126984126985,363.741374516
Organic,2017-07-01,1587,718.64,0.452829238,228619.96,144.05794581,36,0.022684310018903593,318.128631548
Organic,2017-08-01,1701,1005.36,0.591040564,263705.82,155.029876543,38,0.022339800117577895,262.299892741
Organic,2017-09-01,1640,526.54,0.321060976,280818.51,171.23079878,48,0.02926829268292683,533.327970634
Organic,2017-10-01,1814,698.84,0.385248071,318562.66,175.61337376,37,0.020396912899669238,455.844913913
Organic,2017-11-01,2907,1149.88,0.395555556,481541.18,165.648840729,57,0.0196078431372549,418.775158676
Organic,2017-12-01,2093,1044.94,0.499254658,332013.43,158.630401338,28,0.013377926421404682,317.734444328
Organic,2018-01-01,2779,720.44,0.259244332,432858.47,155.760514574,60,0.021590500179920834,600.825149666
Organic,2018-02-01,2597,1089.27,0.419433962,411937.86,158.620662303,71,0.027339237581825184,378.17791756
Organic,2018-03-01,2773,1309.43,0.472206996,463124.72,167.012160115,55,0.01983411467724486,353.684213766
Organic,2018-04-01,2706,506.5,0.187176644,457545.18,169.085432373,45,0.01662971175166297,903.346853323
Organic,2018-05-01,2714,1305.82,0.481142225,479204.69,176.567682388,42,0.015475313190862197,366.976069057
Organic,2018-06-01,2377,1198.14,0.504055532,413326.31,173.885700463,28,0.011779554059739168,344.973300408
Organic,2018-07-01,2405,840.25,0.349376299,415925.09,172.941825364,40,0.016632016632016633,495.001595297
Organic,2018-08-01,2518,655.48,0.260317712,399248.69,158.557859412,21,0.008339952343129467,609.093627144
Organic,2018-09-01,3,1457.21,485.736666667,809.74,269.913333333,0,0.0,0.555678317
