channel,month,new_customers,spend_brl,cac_brl,ltv_total_brl,ltv_per_customer_brl,repeaters,repeat_rate,roas
Email/Referral,2016-09-01,1,897.320000000,897.320000000,75.060000000,75.060000000,0,0.0,0.083649088
Email/Referral,2016-10-01,59,869.940000000,14.744745763,10705.640000000,181.451525424,2,0.03389830508474576,12.306182035
Email/Referral,2016-12-01,1,894.110000000,894.110000000,39.240000000,39.240000000,1,1.0,0.043887217
Email/Referral,2017-01-01,103,1376.880000000,13.367766990,18003.010000000,174.786504854,2,0.019417475728155338,13.075220789
Email/Referral,2017-02-01,267,1846.730000000,6.916591760,42608.070000000,159.580786517,6,0.02247191011235955,23.072170811
Email/Referral,2017-03-01,375,1099.100000000,2.930933333,75411.160000000,201.096426667,8,0.021333333333333333,68.611736884
Email/Referral,2017-04-01,355,828.980000000,2.335154930,65454.150000000,184.377887324,8,0.022535211267605635,78.957453724
Email/Referral,2017-05-01,539,1996.310000000,3.703729128,85217.020000000,158.102077922,17,0.03153988868274583,42.687268010
Email/Referral,2017-06-01,422,1264.290000000,2.995947867,65771.290000000,155.856137441,7,0.016587677725118485,52.022312924
Email/Referral,2017-07-01,572,636.360000000,1.112517483,84133.810000000,147.087080420,9,0.015734265734265736,132.211028292
Email/Referral,2017-08-01,648,570.670000000,0.880663580,103176.890000000,159.223595679,15,0.023148148148148147,180.799568978
Email/Referral,2017-09-01,643,664.470000000,1.033390358,105449.630000000,163.996314152,5,0.007776049766718507,158.697352731
Email/Referral,2017-10-01,698,1441.170000000,2.064713467,122070.430000000,174.886002865,20,0.02865329512893983,84.702311318
Email/Referral,2017-11-01,1091,1688.120000000,1.547314390,172477.980000000,158.091640697,19,0.017415215398716773,102.171634749
Email/Referral,2017-12-01,829,1133.240000000,1.366996381,135017.310000000,162.867683957,10,0.012062726176115802,119.142732359
Email/Referral,2018-01-01,1090,595.290000000,0.546137615,178425.340000000,163.692972477,21,0.01926605504587156,299.728434704
Email/Referral,2018-02-01,937,1072.430000000,1.144535752,133120.130000000,142.070576307,20,0.021344717182497332,124.129435065
Email/Referral,2018-03-01,1036,1994.180000000,1.924884170,162043.920000000,156.413050193,15,0.01447876447876448,81.258422003
Email/Referral,2018-04-01,953,1293.670000000,1.357471144,155344.630000000,163.005907660,19,0.01993704092339979,120.080569212
Email/Referral,2018-05-01,975,1956.620000000,2.006789744,158541.850000000,162.607025641,14,0.014358974358974359,81.028431667
Email/Referral,2018-06-01,891,1791.170000000,2.010291807,155672.850000000,174.717003367,6,0.006734006734006734,86.911264702
Email/Referral,2018-07-01,909,517.220000000,0.568998900,156579.400000000,172.254565457,8,0.0088008800880088,302.732686227
Email/Referral,2018-08-01,937,1581.080000000,1.687385272,145179.420000000,154.940683031,5,0.005336179295624333,91.822943818
Email/Referral,2018-10-01,1,1305.460000000,1305.460000000,89.710000000,89.710000000,0,0.0,0.068719072
Facebook/Instagram Ads,2016-09-01,1,6334.890000000,6334.890000000,0E-9,0E-9,0,0.0,0E-9
Facebook/Instagram Ads,2016-10-01,52,9683.270000000,186.216730769,9147.420000000,175.911923077,1,0.019230769230769232,0.944662289
Facebook/Instagram Ads,2017-01-01,159,5855.690000000,36.828238994,27588.500000000,173.512578616,7,0.0440251572327044,4.711400364
Facebook/Instagram Ads,2017-02-01,315,8645.630000000,27.446444444,60620.120000000,192.444825397,3,0.009523809523809525,7.011648660
Facebook/Instagram Ads,2017-03-01,534,5817.010000000,10.893277154,87253.240000000,163.395580524,8,0.0149812734082397,14.999671652
Facebook/Instagram Ads,2017-04-01,460,6897.280000000,14.994086957,90554.570000000,196.857760870,3,0.006521739130434782,13.129026224
Facebook/Instagram Ads,2017-05-01,701,9947.620000000,14.190613409,110378.080000000,157.458031384,21,0.029957203994293864,11.095928474
Facebook/Instagram Ads,2017-06-01,663,8200.000000000,12.368024133,107834.520000000,162.646334842,24,0.03619909502262444,13.150551219
Facebook/Instagram Ads,2017-07-01,789,7784.750000000,9.866603295,128302.800000000,162.614448669,18,0.022813688212927757,16.481299978
Facebook/Instagram Ads,2017-08-01,842,8423.070000000,10.003646081,144067.310000000,171.101318290,30,0.035629453681710214,17.103895610
Facebook/Instagram Ads,2017-09-01,840,9214.260000000,10.969357143,162169.390000000,193.058797619,26,0.030952380952380953,17.599827875
Facebook/Instagram Ads,2017-10-01,872,8880.000000000,10.183486239,153659.450000000,176.214965596,16,0.01834862385321101,17.303992116
Facebook/Instagram Ads,2017-11-01,1386,6145.240000000,4.433795094,219322.420000000,158.241284271,29,0.020923520923520924,35.689805441
Facebook/Instagram Ads,2017-12-01,1108,5160.500000000,4.657490975,176202.290000000,159.027337545,30,0.02707581227436823,34.144422050
Facebook/Instagram Ads,2018-01-01,1404,6577.270000000,4.684665242,214107.550000000,152.498254986,24,0.017094017094017096,32.552647224
Facebook/Instagram Ads,2018-02-01,1349,6338.700000000,4.698813936,199751.640000000,148.073862120,32,0.023721275018532245,31.513029487
Facebook/Instagram Ads,2018-03-01,1397,6054.910000000,4.334223336,238193.960000000,170.503908375,26,0.018611309949892626,39.338976134
Facebook/Instagram Ads,2018-04-01,1338,9714.550000000,7.260500747,231432.120000000,172.968699552,21,0.01569506726457399,23.823246575
Facebook/Instagram Ads,2018-05-01,1306,9381.840000000,7.183644717,221749.820000000,169.793124043,22,0.016845329249617153,23.636069256
Facebook/Instagram Ads,2018-06-01,1171,6573.390000000,5.613484202,194633.160000000,166.211067464,11,0.009393680614859094,29.609251845
Facebook/Instagram Ads,2018-07-01,1244,8277.190000000,6.653689711,203169.200000000,163.319292605,10,0.008038585209003215,24.545673108
Facebook/Instagram Ads,2018-08-01,1261,6978.160000000,5.533830293,194132.030000000,153.950856463,10,0.007930214115781126,27.819945374
Google Ads,2016-10-01,88,8677.010000000,98.602386364,14354.710000000,163.121704545,0,0.0,1.654338303
Google Ads,2017-01-01,198,13649.900000000,68.938888889,40322.020000000,203.646565657,7,0.03535353535353535,2.954015780
Google Ads,2017-02-01,436,13108.120000000,30.064495413,73039.820000000,167.522522936,8,0.01834862385321101,5.572104924
Google Ads,2017-03-01,683,11753.600000000,17.208784773,116987.230000000,171.284377745,12,0.017569546120058566,9.953310475
Google Ads,2017-04-01,619,14811.810000000,23.928610662,112827.460000000,182.273764136,13,0.0210016155088853,7.617398549
Google Ads,2017-05-01,902,10649.740000000,11.806807095,153587.320000000,170.274190687,22,0.024390243902439025,14.421696680
Google Ads,2017-06-01,794,11864.280000000,14.942418136,145930.140000000,183.791108312,19,0.02392947103274559,12.299957520
Google Ads,2017-07-01,946,13805.830000000,14.593900634,146462.980000000,154.823446089,25,0.026427061310782242,10.608777596
Google Ads,2017-08-01,993,12329.640000000,12.416555891,160142.520000000,161.271419940,19,0.019133937562940583,12.988418154
Google Ads,2017-09-01,1007,14031.950000000,13.934409136,174947.360000000,173.731241311,26,0.025819265143992055,12.467786730
Google Ads,2017-10-01,1086,12041.470000000,11.087909761,177767.700000000,163.690331492,20,0.01841620626151013,14.762956682
Google Ads,2017-11-01,1920,12932.000000000,6.735416667,316773.000000000,164.985937500,45,0.0234375,24.495283018
Google Ads,2017-12-01,1457,8320.770000000,5.710892244,222736.300000000,152.873232670,18,0.012354152367879203,26.768712513
Google Ads,2018-01-01,1752,9595.290000000,5.476763699,276634.790000000,157.896569635,35,0.01997716894977169,28.830268807
Google Ads,2018-02-01,1568,10025.720000000,6.393954082,241160.470000000,153.801320153,46,0.029336734693877552,24.054179649
Google Ads,2018-03-01,1759,8558.540000000,4.865571347,284531.560000000,161.757566799,28,0.015918135304150087,33.245338576
Google Ads,2018-04-01,1714,9629.540000000,5.618168028,298867.310000000,174.368325554,22,0.012835472578763127,31.036509532
Google Ads,2018-05-01,1627,8707.010000000,5.351573448,277828.600000000,170.761278427,29,0.01782421634910879,31.908611567
Google Ads,2018-06-01,1501,9945.820000000,6.626129247,234721.600000000,156.376815456,16,0.010659560293137908,23.600024936
Google Ads,2018-07-01,1513,12449.790000000,8.228545935,279963.640000000,185.038757436,21,0.013879709187045605,22.487418664
Google Ads,2018-08-01,1555,10553.830000000,6.787028939,252387.220000000,162.306893891,10,0.006430868167202572,23.914277565
Google Ads,2018-09-01,2,10591.270000000,5295.635000000,2266.610000000,1133.305000000,0,0.0,0.214007385
Organic,2016-09-01,2,1139.430000000,569.715000000,177.180000000,88.590000000,0,0.0,0.155498802
Organic,2016-10-01,122,525.010000000,4.303360656,24882.710000000,203.956639344,0,0.0,47.394735335
Organic,2017-01-01,304,1236.470000000,4.067335526,52840.420000000,173.817171053,8,0.02631578947368421,42.734898545
Organic,2017-02-01,734,1176.700000000,1.603133515,116575.920000000,158.822779292,11,0.014986376021798364,99.070213308
Organic,2017-03-01,1044,1392.180000000,1.333505747,175031.270000000,167.654473180,33,0.031609195402298854,125.724597406
Organic,2017-04-01,918,586.940000000,0.639368192,151020.860000000,164.510740741,20,0.02178649237472767,257.302040983
Organic,2017-05-01,1454,921.920000000,0.634057772,244464.320000000,168.132269601,33,0.02269601100412655,265.168691286
Organic,2017-06-01,1260,529.800000000,0.420476190,192710.180000000,152.944587302,34,0.026984126984126985,363.741374516
Organic,2017-07-01,1587,718.640000000,0.452829238,228619.960000000,144.057945810,36,0.022684310018903593,318.128631548
Organic,2017-08-01,1701,1005.360000000,0.591040564,263705.820000000,155.029876543,38,0.022339800117577895,262.299892741
Organic,2017-09-01,1640,526.540000000,0.321060976,280818.510000000,171.230798780,48,0.02926829268292683,533.327970634
Organic,2017-10-01,1814,698.840000000,0.385248071,318562.660000000,175.613373760,37,0.020396912899669238,455.844913913
Organic,2017-11-01,2907,1149.880000000,0.395555556,481541.180000000,165.648840729,57,0.0196078431372549,418.775158676
Organic,2017-12-01,2093,1044.940000000,0.499254658,332013.430000000,158.630401338,28,0.013377926421404682,317.734444328
Organic,2018-01-01,2779,720.440000000,0.259244332,432858.470000000,155.760514574,60,0.021590500179920834,600.825149666
Organic,2018-02-01,2597,1089.270000000,0.419433962,411937.860000000,158.620662303,71,0.027339237581825184,378.177917560
Organic,2018-03-01,2773,1309.430000000,0.472206996,463124.720000000,167.012160115,55,0.01983411467724486,353.684213766
Organic,2018-04-01,2706,506.500000000,0.187176644,457545.180000000,169.085432373,45,0.01662971175166297,903.346853323
Organic,2018-05-01,2714,1305.820000000,0.481142225,479204.690000000,176.567682388,42,0.015475313190862197,366.976069057
Organic,2018-06-01,2377,1198.140000000,0.504055532,413326.310000000,173.885700463,28,0.011779554059739168,344.973300408
Organic,2018-07-01,2405,840.250000000,0.349376299,415925.090000000,172.941825364,40,0.016632016632016633,495.001595297
Organic,2018-08-01,2518,655.480000000,0.260317712,399248.690000000,158.557859412,21,0.008339952343129467,609.093627144
Organic,2018-09-01,3,1457.210000000,485.736666667,809.740000000,269.913333333,0,0.0,0.555678317
