channel,month,cohort_size,ltv_total_brl,ltv_per_customer_brl
Email/Referral,2016-09-01,1,75.06,75.06
Email/Referral,2016-10-01,59,10705.64,181.451525424
Email/Referral,2016-12-01,1,39.24,39.24
Email/Referral,2017-01-01,103,18003.01,174.786504854
Email/Referral,2017-02-01,267,42608.07,159.580786517
Email/Referral,2017-03-01,375,75411.16,201.096426667
Email/Referral,2017-04-01,355,65454.15,184.377887324
Email/Referral,2017-05-01,539,85217.02,158.102077922
Email/Referral,2017-06-01,422,65771.29,155.856137441
Email/Referral,2017-07-01,572,84133.81,147.08708042
Email/Referral,2017-08-01,648,103176.89,159.223595679
Email/Referral,2017-09-01,643,105449.63,163.996314152
Email/Referral,2017-10-01,698,122070.43,174.886002865
Email/Referral,2017-11-01,1091,172477.98,158.091640697
Email/Referral,2017-12-01,829,135017.31,162.867683957
Email/Referral,2018-01-01,1090,178425.34,163.692972477
Email/Referral,2018-02-01,937,133120.13,142.070576307
Email/Referral,2018-03-01,1036,162043.92,156.413050193
Email/Referral,2018-04-01,953,155344.63,163.00590766
Email/Referral,2018-05-01,975,158541.85,162.607025641
Email/Referral,2018-06-01,891,155672.85,174.717003367
Email/Referral,2018-07-01,909,156579.4,172.254565457
Email/Referral,2018-08-01,937,145179.42,154.940683031
Email/Referral,2018-10-01,1,89.71,89.71
Facebook/Instagram Ads,2016-09-01,1,0,0
Facebook/Instagram Ads,2016-10-01,52,9147.42,175.911923077
Facebook/Instagram Ads,2017-01-01,159,27588.5,173.512578616
Facebook/Instagram Ads,2017-02-01,315,60620.12,192.444825397
Facebook/Instagram Ads,2017-03-01,534,87253.24,163.395580524
Facebook/Instagram Ads,2017-04-01,460,90554.57,196.85776087
Facebook/Instagram Ads,2017-05-01,701,110378.08,157.458031384
Facebook/Instagram Ads,2017-06-01,663,107834.52,162.646334842
Facebook/Instagram Ads,2017-07-01,789,128302.8,162.614448669
Facebook/Instagram Ads,2017-08-01,842,144067.31,171.10131829
Facebook/Instagram Ads,2017-09-01,840,162169.39,193.058797619
Facebook/Instagram Ads,2017-10-01,872,153659.45,176.214965596
Facebook/Instagram Ads,2017-11-01,1386,219322.42,158.241284271
Facebook/Instagram Ads,2017-12-01,1108,176202.29,159.027337545
Facebook/Instagram Ads,2018-01-01,1404,214107.55,152.498254986
Facebook/Instagram Ads,2018-02-01,1349,199751.64,148.07386212
Facebook/Instagram Ads,2018-03-01,1397,238193.96,170.503908375
Facebook/Instagram Ads,2018-04-01,1338,231432.12,172.968699552
Facebook/Instagram Ads,2018-05-01,1306,221749.82,169.793124043
Facebook/Instagram Ads,2018-06-01,1171,194633.16,166.211067464
Facebook/Instagram Ads,2018-07-01,1244,203169.2,163.319292605
Facebook/Instagram Ads,2018-08-01,1261,194132.03,153.950856463
Google Ads,2016-10-01,88,14354.71,163.121704545
Google Ads,2017-01-01,198,40322.02,203.646565657
Google Ads,2017-02-01,436,73039.82,167.522522936
Google Ads,2017-03-01,683,116987.23,171.284377745
Google Ads,2017-04-01,619,112827.46,182.273764136
Google Ads,2017-05-01,902,153587.32,170.274190687
Google Ads,2017-06-01,794,145930.14,183.791108312
Google Ads,2017-07-01,946,146462.98,154.823446089
Google Ads,2017-08-01,993,160142.52,161.27141994
Google Ads,2017-09-01,1007,174947.36,173.731241311
Google Ads,2017-10-01,1086,177767.7,163.690331492
Google Ads,2017-11-01,1920,316773,164.9859375
Google Ads,2017-12-01,1457,222736.3,152.87323267
Google Ads,2018-01-01,1752,276634.79,157.896569635
Google Ads,2018-02-01,1568,241160.47,153.801320153
Google Ads,2018-03-01,1759,284531.56,161.757566799
Google Ads,2018-04-01,1714,298867.31,174.368325554
Google Ads,2018-05-01,1627,277828.6,170.761278427
Google Ads,2018-06-01,1501,234721.6,156.376815456
Google Ads,2018-07-01,1513,279963.64,185.038757436
Google Ads,2018-08-01,1555,252387.22,162.306893891
Google Ads,2018-09-01,2,2266.61,1133.305
Organic,2016-09-01,2,177.18,88.59
Organic,2016-10-01,122,24882.71,203.956639344
Organic,2017-01-01,304,52840.42,173.817171053
Organic,2017-02-01,734,116575.92,158.822779292
Organic,2017-03-01,1044,175031.27,167.65447318
Organic,2017-04-01,918,151020.86,164.510740741
Organic,2017-05-01,1454,244464.32,168.132269601
Organic,2017-06-01,1260,192710.18,152.944587302
Organic,2017-07-01,1587,228619.96,144.05794581
Organic,2017-08-01,1701,263705.82,155.029876543
Organic,2017-09-01,1640,280818.51,171.23079878
Organic,2017-10-01,1814,318562.66,175.61337376
Organic,2017-11-01,2907,481541.18,165.648840729
Organic,2017-12-01,2093,332013.43,158.630401338
Organic,2018-01-01,2779,432858.47,155.760514574
Organic,2018-02-01,2597,411937.86,158.620662303
Organic,2018-03-01,2773,463124.72,167.012160115
Organic,2018-04-01,2706,457545.18,169.085432373
Organic,2018-05-01,2714,479204.69,176.567682388
Organic,2018-06-01,2377,413326.31,173.885700463
Organic,2018-07-01,2405,415925.09,172.941825364
Organic,2018-08-01,2518,399248.69,158.557859412
Organic,2018-09-01,3,809.74,269.913333333
