channel,month,cohort_size,repeaters,repeat_rate
Email/Referral,2016-09-01,1,0,0.0
Email/Referral,2016-10-01,59,2,0.03389830508474576
Email/Referral,2016-12-01,1,1,1.0
Email/Referral,2017-01-01,103,2,0.019417475728155338
Email/Referral,2017-02-01,267,6,0.02247191011235955
Email/Referral,2017-03-01,375,8,0.021333333333333333
Email/Referral,2017-04-01,355,8,0.022535211267605635
Email/Referral,2017-05-01,539,17,0.03153988868274583
Email/Referral,2017-06-01,422,7,0.016587677725118485
Email/Referral,2017-07-01,572,9,0.015734265734265736
Email/Referral,2017-08-01,648,15,0.023148148148148147
Email/Referral,2017-09-01,643,5,0.007776049766718507
Email/Referral,2017-10-01,698,20,0.02865329512893983
Email/Referral,2017-11-01,1091,19,0.017415215398716773
Email/Referral,2017-12-01,829,10,0.012062726176115802
Email/Referral,2018-01-01,1090,21,0.01926605504587156
Email/Referral,2018-02-01,937,20,0.021344717182497332
Email/Referral,2018-03-01,1036,15,0.01447876447876448
Email/Referral,2018-04-01,953,19,0.01993704092339979
Email/Referral,2018-05-01,975,14,0.014358974358974359
Email/Referral,2018-06-01,891,6,0.006734006734006734
Email/Referral,2018-07-01,909,8,0.0088008800880088
Email/Referral,2018-08-01,937,5,0.005336179295624333
Email/Referral,2018-10-01,1,0,0.0
Facebook/Instagram Ads,2016-09-01,1,0,0.0
Facebook/Instagram Ads,2016-10-01,52,1,0.019230769230769232
Facebook/Instagram Ads,2017-01-01,159,7,0.0440251572327044
Facebook/Instagram Ads,2017-02-01,315,3,0.009523809523809525
Facebook/Instagram Ads,2017-03-01,534,8,0.0149812734082397
Facebook/Instagram Ads,2017-04-01,460,3,0.006521739130434782
Facebook/Instagram Ads,2017-05-01,701,21,0.029957203994293864
Facebook/Instagram Ads,2017-06-01,663,24,0.03619909502262444
Facebook/Instagram Ads,2017-07-01,789,18,0.022813688212927757
Facebook/Instagram Ads,2017-08-01,842,30,0.035629453681710214
Facebook/Instagram Ads,2017-09-01,840,26,0.030952380952380953
Facebook/Instagram Ads,2017-10-01,872,16,0.01834862385321101
Facebook/Instagram Ads,2017-11-01,1386,29,0.020923520923520924
Facebook/Instagram Ads,2017-12-01,1108,30,0.02707581227436823
Facebook/Instagram Ads,2018-01-01,1404,24,0.017094017094017096
Facebook/Instagram Ads,2018-02-01,1349,32,0.023721275018532245
Facebook/Instagram Ads,2018-03-01,1397,26,0.018611309949892626
Facebook/Instagram Ads,2018-04-01,1338,21,0.01569506726457399
Facebook/Instagram Ads,2018-05-01,1306,22,0.016845329249617153
Facebook/Instagram Ads,2018-06-01,1171,11,0.009393680614859094
Facebook/Instagram Ads,2018-07-01,1244,10,0.008038585209003215
Facebook/Instagram Ads,2018-08-01,1261,10,0.007930214115781126
Google Ads,2016-10-01,88,0,0.0
Google Ads,2017-01-01,198,7,0.03535353535353535
Google Ads,2017-02-01,436,8,0.01834862385321101
Google Ads,2017-03-01,683,12,0.017569546120058566
Google Ads,2017-04-01,619,13,0.0210016155088853
Google Ads,2017-05-01,902,22,0.024390243902439025
Google Ads,2017-06-01,794,19,0.02392947103274559
Google Ads,2017-07-01,946,25,0.026427061310782242
Google Ads,2017-08-01,993,19,0.019133937562940583
Google Ads,2017-09-01,1007,26,0.025819265143992055
Google Ads,2017-10-01,1086,20,0.01841620626151013
Google Ads,2017-11-01,1920,45,0.0234375
Google Ads,2017-12-01,1457,18,0.012354152367879203
Google Ads,2018-01-01,1752,35,0.01997716894977169
Google Ads,2018-02-01,1568,46,0.029336734693877552
Google Ads,2018-03-01,1759,28,0.015918135304150087
Google Ads,2018-04-01,1714,22,0.012835472578763127
Google Ads,2018-05-01,1627,29,0.01782421634910879
Google Ads,2018-06-01,1501,16,0.010659560293137908
Google Ads,2018-07-01,1513,21,0.013879709187045605
Google Ads,2018-08-01,1555,10,0.006430868167202572
Google Ads,2018-09-01,2,0,0.0
Organic,2016-09-01,2,0,0.0
Organic,2016-10-01,122,0,0.0
Organic,2017-01-01,304,8,0.02631578947368421
Organic,2017-02-01,734,11,0.014986376021798364
Organic,2017-03-01,1044,33,0.031609195402298854
Organic,2017-04-01,918,20,0.02178649237472767
Organic,2017-05-01,1454,33,0.02269601100412655
Organic,2017-06-01,1260,34,0.026984126984126985
Organic,2017-07-01,1587,36,0.022684310018903593
Organic,2017-08-01,1701,38,0.022339800117577895
Organic,2017-09-01,1640,48,0.02926829268292683
Organic,2017-10-01,1814,37,0.020396912899669238
Organic,2017-11-01,2907,57,0.0196078431372549
Organic,2017-12-01,2093,28,0.013377926421404682
Organic,2018-01-01,2779,60,0.021590500179920834
Organic,2018-02-01,2597,71,0.027339237581825184
Organic,2018-03-01,2773,55,0.01983411467724486
Organic,2018-04-01,2706,45,0.01662971175166297
Organic,2018-05-01,2714,42,0.015475313190862197
Organic,2018-06-01,2377,28,0.011779554059739168
Organic,2018-07-01,2405,40,0.016632016632016633
Organic,2018-08-01,2518,21,0.008339952343129467
Organic,2018-09-01,3,0,0.0
