channel,month,new_customer_count,spend_brl,cac_brl
Email/Referral,2016-09-01,1,897.32,897.32
Email/Referral,2016-10-01,59,869.94,14.744745763
Email/Referral,2016-11-01,,1342.05,
Email/Referral,2016-12-01,1,894.11,894.11
Email/Referral,2017-01-01,103,1376.88,13.36776699
Email/Referral,2017-02-01,267,1846.73,6.91659176
Email/Referral,2017-03-01,375,1099.1,2.930933333
Email/Referral,2017-04-01,355,828.98,2.33515493
Email/Referral,2017-05-01,539,1996.31,3.703729128
Email/Referral,2017-06-01,422,1264.29,2.995947867
Email/Referral,2017-07-01,572,636.36,1.112517483
Email/Referral,2017-08-01,648,570.67,0.88066358
Email/Referral,2017-09-01,643,664.47,1.033390358
Email/Referral,2017-10-01,698,1441.17,2.064713467
Email/Referral,2017-11-01,1091,1688.12,1.54731439
Email/Referral,2017-12-01,829,1133.24,1.366996381
Email/Referral,2018-01-01,1090,595.29,0.546137615
Email/Referral,2018-02-01,937,1072.43,1.144535752
Email/Referral,2018-03-01,1036,1994.18,1.92488417
Email/Referral,2018-04-01,953,1293.67,1.357471144
Email/Referral,2018-05-01,975,1956.62,2.006789744
Email/Referral,2018-06-01,891,1791.17,2.010291807
Email/Referral,2018-07-01,909,517.22,0.5689989
Email/Referral,2018-08-01,937,1581.08,1.687385272
Email/Referral,2018-09-01,,1522.57,
Email/Referral,2018-10-01,1,1305.46,1305.46
Facebook/Instagram Ads,2016-09-01,1,6334.89,6334.89
Facebook/Instagram Ads,2016-10-01,52,9683.27,186.216730769
Facebook/Instagram Ads,2016-11-01,,8240.18,
Facebook/Instagram Ads,2016-12-01,,8045.66,
Facebook/Instagram Ads,2017-01-01,159,5855.69,36.828238994
Facebook/Instagram Ads,2017-02-01,315,8645.63,27.446444444
Facebook/Instagram Ads,2017-03-01,534,5817.01,10.893277154
Facebook/Instagram Ads,2017-04-01,460,6897.28,14.994086957
Facebook/Instagram Ads,2017-05-01,701,9947.62,14.190613409
Facebook/Instagram Ads,2017-06-01,663,8200,12.368024133
Facebook/Instagram Ads,2017-07-01,789,7784.75,9.866603295
Facebook/Instagram Ads,2017-08-01,842,8423.07,10.003646081
Facebook/Instagram Ads,2017-09-01,840,9214.26,10.969357143
Facebook/Instagram Ads,2017-10-01,872,8880,10.183486239
Facebook/Instagram Ads,2017-11-01,1386,6145.24,4.433795094
Facebook/Instagram Ads,2017-12-01,1108,5160.5,4.657490975
Facebook/Instagram Ads,2018-01-01,1404,6577.27,4.684665242
Facebook/Instagram Ads,2018-02-01,1349,6338.7,4.698813936
Facebook/Instagram Ads,2018-03-01,1397,6054.91,4.334223336
Facebook/Instagram Ads,2018-04-01,1338,9714.55,7.260500747
Facebook/Instagram Ads,2018-05-01,1306,9381.84,7.183644717
Facebook/Instagram Ads,2018-06-01,1171,6573.39,5.613484202
Facebook/Instagram Ads,2018-07-01,1244,8277.19,6.653689711
Facebook/Instagram Ads,2018-08-01,1261,6978.16,5.533830293
Facebook/Instagram Ads,2018-09-01,,9572.74,
Facebook/Instagram Ads,2018-10-01,,7294.26,
Google Ads,2016-09-01,,8649.22,
Google Ads,2016-10-01,88,8677.01,98.602386364
Google Ads,2016-11-01,,13932.46,
Google Ads,2016-12-01,,12226.08,
Google Ads,2017-01-01,198,13649.9,68.938888889
Google Ads,2017-02-01,436,13108.12,30.064495413
Google Ads,2017-03-01,683,11753.6,17.208784773
Google Ads,2017-04-01,619,14811.81,23.928610662
Google Ads,2017-05-01,902,10649.74,11.806807095
Google Ads,2017-06-01,794,11864.28,14.942418136
Google Ads,2017-07-01,946,13805.83,14.593900634
Google Ads,2017-08-01,993,12329.64,12.416555891
Google Ads,2017-09-01,1007,14031.95,13.934409136
Google Ads,2017-10-01,1086,12041.47,11.087909761
Google Ads,2017-11-01,1920,12932,6.735416667
Google Ads,2017-12-01,1457,8320.77,5.710892244
Google Ads,2018-01-01,1752,9595.29,5.476763699
Google Ads,2018-02-01,1568,10025.72,6.393954082
Google Ads,2018-03-01,1759,8558.54,4.865571347
Google Ads,2018-04-01,1714,9629.54,5.618168028
Google Ads,2018-05-01,1627,8707.01,5.351573448
Google Ads,2018-06-01,1501,9945.82,6.626129247
Google Ads,2018-07-01,1513,12449.79,8.228545935
Google Ads,2018-08-01,1555,10553.83,6.787028939
Google Ads,2018-09-01,2,10591.27,5295.635
Google Ads,2018-10-01,,9466.55,
Organic,2016-09-01,2,1139.43,569.715
Organic,2016-10-01,122,525.01,4.303360656
Organic,2016-11-01,,775.03,
Organic,2016-12-01,,723.21,
Organic,2017-01-01,304,1236.47,4.067335526
Organic,2017-02-01,734,1176.7,1.603133515
Organic,2017-03-01,1044,1392.18,1.333505747
Organic,2017-04-01,918,586.94,0.639368192
Organic,2017-05-01,1454,921.92,0.634057772
Organic,2017-06-01,1260,529.8,0.42047619
Organic,2017-07-01,1587,718.64,0.452829238
Organic,2017-08-01,1701,1005.36,0.591040564
Organic,2017-09-01,1640,526.54,0.321060976
Organic,2017-10-01,1814,698.84,0.385248071
Organic,2017-11-01,2907,1149.88,0.395555556
Organic,2017-12-01,2093,1044.94,0.499254658
Organic,2018-01-01,2779,720.44,0.259244332
Organic,2018-02-01,2597,1089.27,0.419433962
Organic,2018-03-01,2773,1309.43,0.472206996
Organic,2018-04-01,2706,506.5,0.187176644
Organic,2018-05-01,2714,1305.82,0.481142225
Organic,2018-06-01,2377,1198.14,0.504055532
Organic,2018-07-01,2405,840.25,0.349376299
Organic,2018-08-01,2518,655.48,0.260317712
Organic,2018-09-01,3,1457.21,485.736666667
Organic,2018-10-01,,836.59,
